Sentence,Intent
Kafam karÄ±ÅŸÄ±k ve tedirgin sevgili dostum  ğŸ™,anxiety
NasÄ±lsÄ±nÄ±z sevgili dostum!,greeting
Bu bana gÃ¶re deÄŸil!!,rejection
"NasÄ±lsÄ±nÄ±z, sizi gÃ¶rmek ne gÃ¼zel.",greeting
Tekrar gÃ¶rÃ¼ÅŸmek dileÄŸiyle sevgili dostum.,farewell
Ä°nanÄ±yorum ğŸ™,motivation
KeÅŸke bir arkadaÅŸÄ±m olsaydÄ± sevgili dostum  lÃ¼tfen,loneliness
HoÅŸÃ§a kal.,farewell
NasÄ±lsÄ±nÄ±z ğŸ™‚,greeting
Sadece biri beni dinlese yeter!!  sevgili dostum,loneliness
YalnÄ±zlÄ±k zor geliyor!! .,loneliness
YalnÄ±zlÄ±k zor geliyor...  :),loneliness
MinnettarÄ±m lÃ¼tfen,gratitude
YardÄ±mÄ±n iÃ§in minnettarÄ±m :)  ğŸ™‚,gratitude
SaÄŸ ol lÃ¼tfen,gratitude
KalabalÄ±kta bile yapayalnÄ±zÄ±m ğŸ™ !!,loneliness
Ä°Ã§imde bÃ¼yÃ¼k bir boÅŸluk var ğŸ™ .,loneliness
BugÃ¼n baÅŸlamak iÃ§in gÃ¼zel bir gÃ¼n...,motivation
"Selam, nasÄ±lsÄ±n?",greeting
Reddetmek zorundayÄ±m :),rejection
Ä°stemiyorum :),rejection
Ä°stemiyorum ğŸ™,rejection
Kendimi gÃ¼Ã§lÃ¼ hissediyorum!,motivation
KaygÄ±lÄ±yÄ±m sevgili dostum,anxiety
HiÃ§ kimsem yok gibi geliyor.  sevgili dostum,loneliness
Kendime gÃ¼veniyorum!!,motivation
"YarÄ±n gÃ¶rÃ¼ÅŸÃ¼rÃ¼z, bay bay.",farewell
Kalbim hÄ±zlÄ± Ã§arpÄ±yor sevgili dostum  :),anxiety
KÃ¶tÃ¼ bir ÅŸey olacak diye hissediyorum.,anxiety
Ä°yi geceler. Allah'a emanet.,farewell
Kendine iyi bak.,farewell
YarÄ±n gÃ¶rÃ¼ÅŸÃ¼rÃ¼z. Allah'a emanet.,farewell
BugÃ¼n baÅŸlamak iÃ§in gÃ¼zel bir gÃ¼n ğŸ™‚,motivation
Bunu yapamam sevgili dostum,rejection
Huzursuzum!!,anxiety
"Ä°yi akÅŸamlar, sizi gÃ¶rmek ne gÃ¼zel.",greeting
Kendimi gÃ¼Ã§lÃ¼ hissediyorum,motivation
Merhaba efendim!,greeting
Ä°yi ki varsÄ±n sevgili dostum,gratitude
Merhaba ğŸ™‚,greeting
Merhaba dostum ğŸ™‚,greeting
"Ä°yi geceler, kendine Ã§ok iyi bak. ...",farewell
Sesimi duyan yok :),loneliness
GÃ¼le gÃ¼le! SaÄŸlÄ±cakla kal.,farewell
GÃ¶rÃ¼ÅŸmek Ã¼zere sevgili dostum.,farewell
Kendine iyi bak. Allah'a emanet.,farewell
Kafam Ã§ok dolu sevgili dostum,stress
Tekrar gÃ¶rÃ¼ÅŸmek dileÄŸiyle! SaÄŸlÄ±cakla kal.,farewell
Kendine iyi bak sevgili dostum.,farewell
YardÄ±mÄ±n iÃ§in minnettarÄ±m  :),gratitude
Ã‡ok teÅŸekkÃ¼r ederim ğŸ™,gratitude
KalabalÄ±kta bile yapayalnÄ±zÄ±m,loneliness
Åimdilik hoÅŸÃ§a kal. GÃ¶rÃ¼ÅŸÃ¼rÃ¼z.,farewell
HoÅŸ geldiniz. Keyifler nasÄ±l?,greeting
Ã‡ok teÅŸekkÃ¼r ederim ğŸ™‚,gratitude
Ne olacaÄŸÄ±nÄ± bilmiyorum sevgili dostum,anxiety
DesteÄŸin iÃ§in teÅŸekkÃ¼rler sevgili dostum,gratitude
Zamanla yarÄ±ÅŸÄ±yorum lÃ¼tfen,stress
Ä°Ã§im daralÄ±yor :)  ğŸ™‚,anxiety
Merhaba nasÄ±lsÄ±n! NasÄ±lsÄ±nÄ±z?,greeting
Merhaba nasÄ±lsÄ±n!,greeting
SaÄŸ ol.,gratitude
Allah razÄ± olsun sevgili dostum,gratitude
"GÃ¼le gÃ¼le, bay bay. !!",farewell
EndiÅŸe iÃ§indeyim...,anxiety
TeÅŸekkÃ¼r ederim.  :),gratitude
Ä°nanÄ±yorum ğŸ™ !,motivation
HoÅŸÃ§akalÄ±n. GÃ¶rÃ¼ÅŸÃ¼rÃ¼z. !,farewell
Ne olacaÄŸÄ±nÄ± bilmiyorum,anxiety
Her ÅŸey Ã¼stÃ¼me Ã¼stÃ¼me geliyor ğŸ™ ...,stress
Ä°yi ki varsÄ±n...,gratitude
Merhaba nasÄ±lsÄ±n! UmarÄ±m iyisiniz.,greeting
Kalbim hÄ±zlÄ± Ã§arpÄ±yor ğŸ™‚  ğŸ™,anxiety
"HayÄ±r, teÅŸekkÃ¼rler :) ...",rejection
Bunu yapamam,rejection
Her ÅŸey Ã¼stÃ¼me Ã¼stÃ¼me geliyor ğŸ™,stress
Hey ğŸ™‚,greeting
"Merhaba dostum, sizi gÃ¶rmek ne gÃ¼zel. ...",greeting
Birazdan patlayacaÄŸÄ±m  sevgili dostum,stress
Pes etmeyeceÄŸim,motivation
Her geÃ§en gÃ¼n daha iyiyim ğŸ™,motivation
SÃ¼rekli felaket senaryolarÄ± dÃ¼ÅŸÃ¼nÃ¼yorum lÃ¼tfen,anxiety
Kafam karÄ±ÅŸÄ±k ve tedirgin lÃ¼tfen  :),anxiety
Ä°Ã§im daralÄ±yor ğŸ™,anxiety
Ã‡ok gerginim!  sevgili dostum,stress
"Ä°yi geceler, bay bay.",farewell
"GÃ¼naydÄ±n, sizi gÃ¶rmek ne gÃ¼zel.",greeting
SÃ¼rekli felaket senaryolarÄ± dÃ¼ÅŸÃ¼nÃ¼yorum!!,anxiety
Bu tempo beni Ã¶ldÃ¼rÃ¼yor ğŸ™,stress
"GÃ¼naydÄ±n, nasÄ±lsÄ±n?",greeting
KalabalÄ±kta bile yapayalnÄ±zÄ±m sevgili dostum,loneliness
Åimdilik hoÅŸÃ§a kal! SaÄŸlÄ±cakla kal.,farewell
Stres seviyesi tavan yaptÄ± ğŸ™‚  ğŸ™‚,stress
Zamanla yarÄ±ÅŸÄ±yorum :),stress
YÄ±lmadan devam ediyorum.,motivation
Bu iyiliÄŸini unutmayacaÄŸÄ±m lÃ¼tfen  ğŸ™‚,gratitude
Merhaba! NasÄ±lsÄ±nÄ±z?,greeting
Derin nefes almaya Ã§alÄ±ÅŸÄ±yorum!!,stress
"Merhaba dostum, nasÄ±lsÄ±n? ...",greeting
YalnÄ±zlÄ±k iÃ§imi kemiriyor...,loneliness
EndiÅŸe iÃ§indeyim... !!,anxiety
Bu tempo beni Ã¶ldÃ¼rÃ¼yor...,stress
Stres seviyesi tavan yaptÄ±!,stress
Ã‡ok teÅŸekkÃ¼r ederim sevgili dostum !!,gratitude
Maalesef uygun deÄŸil :),rejection
"GÃ¶rÃ¼ÅŸmek Ã¼zere, bay bay.  ğŸ™",farewell
Ãœzerimde bÃ¼yÃ¼k bir baskÄ± var ğŸ™‚  :),stress
KeÅŸke bir arkadaÅŸÄ±m olsaydÄ± ğŸ™,loneliness
Selam! UmarÄ±m iyisiniz.,greeting
Ä°nanÄ±yorum.,motivation
BugÃ¼n baÅŸlamak iÃ§in gÃ¼zel bir gÃ¼n ğŸ™  sevgili dostum,motivation
Bunu yapamam...  ğŸ™,rejection
Ä°yi ki varsÄ±n... .,gratitude
GerÃ§ekten Ã§ok naziksin :),gratitude
HoÅŸÃ§akalÄ±n ğŸ–ï¸,farewell
Åu an iÃ§in mÃ¼mkÃ¼n deÄŸil!,rejection
Kusura bakma ama hayÄ±r ğŸ™  sevgili dostum,rejection
Åu an iÃ§in mÃ¼mkÃ¼n deÄŸil ğŸ™,rejection
Ä°yi akÅŸamlar sevgili dostum!,greeting
YarÄ±n gÃ¶rÃ¼ÅŸÃ¼rÃ¼z!,farewell
Bunu yapamam...,rejection
Bu iyiliÄŸini unutmayacaÄŸÄ±m...,gratitude
GÃ¼le gÃ¼le ğŸ–ï¸,farewell
Ã‡ok gerginim!,stress
HiÃ§ kimsem yok gibi geliyor :),loneliness
EndiÅŸe iÃ§indeyim,anxiety
YardÄ±mÄ±n iÃ§in minnettarÄ±m ğŸ™,gratitude
Bu iyiliÄŸini unutmayacaÄŸÄ±m.,gratitude
Sadece biri beni dinlese yeter.,loneliness
Merhaba dostum! UmarÄ±m iyisiniz.,greeting
BugÃ¼n harika hissediyorum  ğŸ™‚,motivation
BugÃ¼n harika hissediyorum :),motivation
Ne olacaÄŸÄ±nÄ± bilmiyorum. !!,anxiety
Olmaz...,rejection
Tekrar gÃ¶rÃ¼ÅŸmek dileÄŸiyle. GÃ¶rÃ¼ÅŸÃ¼rÃ¼z.,farewell
Her geÃ§en gÃ¼n daha iyiyim.,motivation
Huzursuzum :),anxiety
GerÃ§ekten Ã§ok naziksin,gratitude
Kimse beni anlamÄ±yor.,loneliness
UyuyamÄ±yorum!!  ğŸ™,anxiety
Kendimi gÃ¼Ã§lÃ¼ hissediyorum...  ğŸ™,motivation
GerÃ§ekten Ã§ok naziksin!,gratitude
Ãœzerimde bÃ¼yÃ¼k bir baskÄ± var :),stress
GÃ¼naydÄ±n efendim! !,greeting
Hey efendim!,greeting
Kendimi gÃ¼Ã§lÃ¼ hissediyorum ğŸ™,motivation
GerÃ§ekten Ã§ok naziksin ğŸ™,gratitude
Ne olacaÄŸÄ±nÄ± bilmiyorum .,anxiety
Derin nefes almaya Ã§alÄ±ÅŸÄ±yorum :),stress
Kimse beni anlamÄ±yor!  ğŸ™,loneliness
Kafam karÄ±ÅŸÄ±k ve tedirgin!!,anxiety
Kendimi gÃ¼Ã§lÃ¼ hissediyorum! !,motivation
Maalesef uygun deÄŸil lÃ¼tfen,rejection
Pes etmeyeceÄŸim.,motivation
"Merhaba, sizi gÃ¶rmek ne gÃ¼zel.",greeting
Kimse beni anlamÄ±yor ğŸ™,loneliness
Selam. Keyifler nasÄ±l?,greeting
Birazdan patlayacaÄŸÄ±m sevgili dostum,stress
Zamanla yarÄ±ÅŸÄ±yorum...,stress
YalnÄ±zlÄ±k zor geliyor sevgili dostum,loneliness
Kendime gÃ¼veniyorum ğŸ™,motivation
Bu iyiliÄŸini unutmayacaÄŸÄ±m :) !,gratitude
KalabalÄ±kta bile yapayalnÄ±zÄ±m lÃ¼tfen,loneliness
NasÄ±lsÄ±nÄ±z! NasÄ±lsÄ±nÄ±z?  sevgili dostum,greeting
Ã‡ok gerginim sevgili dostum !!,stress
Ä°Ã§im daralÄ±yor sevgili dostum !,anxiety
Allah razÄ± olsun,gratitude
BugÃ¼n harika hissediyorum sevgili dostum  ğŸ™,motivation
Tekrar gÃ¶rÃ¼ÅŸmek dileÄŸiyle! SaÄŸlÄ±cakla kal.  sevgili dostum,farewell
Her ÅŸey Ã¼stÃ¼me Ã¼stÃ¼me geliyor!!,stress
GÃ¼le gÃ¼le!,farewell
TeÅŸekkÃ¼r ederim!,gratitude
YalnÄ±zlÄ±k zor geliyor!,loneliness
Åimdilik hoÅŸÃ§a kal. Allah'a emanet.,farewell
Reddetmek zorundayÄ±m.,rejection
Merhaba dostum! NasÄ±lsÄ±nÄ±z?,greeting
BugÃ¼n harika hissediyorum!,motivation
Selamlar efendim!  lÃ¼tfen,greeting
BaÅŸarabilirim lÃ¼tfen  lÃ¼tfen,motivation
BugÃ¼n harika hissediyorum...,motivation
GÃ¼naydÄ±n dostum!  sevgili dostum,greeting
Kalbim hÄ±zlÄ± Ã§arpÄ±yor! ...,anxiety
UyuyamÄ±yorum :),anxiety
YalnÄ±zlÄ±k iÃ§imi kemiriyor,loneliness
"HoÅŸÃ§a kal, bay bay.",farewell
UyuyamÄ±yorum !!,anxiety
Selamlar!  ğŸ™,greeting
Kafam Ã§ok dolu ğŸ™ .,stress
Stres seviyesi tavan yaptÄ±. !!,stress
Zamanla yarÄ±ÅŸÄ±yorum ğŸ™‚,stress
Ä°yi ki varsÄ±n! !!,gratitude
Ã‡ok teÅŸekkÃ¼r ederim sevgili dostum,gratitude
Her ÅŸey Ã¼stÃ¼me Ã¼stÃ¼me geliyor :),stress
DesteÄŸin iÃ§in teÅŸekkÃ¼rler  sevgili dostum,gratitude
GerÃ§ekten Ã§ok naziksin lÃ¼tfen,gratitude
Merhaba nasÄ±lsÄ±n. Keyifler nasÄ±l?,greeting
Kabul etmiyorum ğŸ™‚ !!,rejection
UyuyamÄ±yorum,anxiety
GÃ¶rÃ¼ÅŸmek Ã¼zere.  ğŸ™‚,farewell
Stres seviyesi tavan yaptÄ± ğŸ™,stress
HoÅŸÃ§akalÄ±n!,farewell
YalnÄ±zlÄ±k zor geliyor ğŸ™‚,loneliness
"Hey, sizi gÃ¶rmek ne gÃ¼zel.",greeting
Hedefime ulaÅŸacaÄŸÄ±m ğŸ™ .,motivation
Pes etmeyeceÄŸim sevgili dostum,motivation
HiÃ§ kimsem yok gibi geliyor.,loneliness
SaÄŸ ol ğŸ™,gratitude
NasÄ±lsÄ±nÄ±z! ...,greeting
"HayÄ±r, teÅŸekkÃ¼rler lÃ¼tfen",rejection
Selam! NasÄ±lsÄ±nÄ±z?,greeting
Ä°yi ki varsÄ±n ğŸ™‚,gratitude
Sinirlerim laÃ§ka!!,stress
"HayÄ±r, teÅŸekkÃ¼rler...",rejection
Olmaz,rejection
GÃ¼naydÄ±n dostum!,greeting
Kusura bakma ama hayÄ±r lÃ¼tfen,rejection
YarÄ±n gÃ¶rÃ¼ÅŸÃ¼rÃ¼z! .,farewell
GÃ¼le gÃ¼le.,farewell
GÃ¶rÃ¼ÅŸmek Ã¼zere!,farewell
Hedefime ulaÅŸacaÄŸÄ±m,motivation
Bu tempo beni Ã¶ldÃ¼rÃ¼yor!! !,stress
KeÅŸke bir arkadaÅŸÄ±m olsaydÄ±!,loneliness
HiÃ§ kimsem yok gibi geliyor sevgili dostum,loneliness
Sesimi duyan yok :)  sevgili dostum,loneliness
Kalbim hÄ±zlÄ± Ã§arpÄ±yor  :),anxiety
Pes etmeyeceÄŸim :),motivation
Kalbim hÄ±zlÄ± Ã§arpÄ±yor ğŸ™‚,anxiety
Derin nefes almaya Ã§alÄ±ÅŸÄ±yorum :) ...,stress
Kendimi yalnÄ±z hissediyorum,loneliness
Ã‡ok teÅŸekkÃ¼r ederim ğŸ™  ğŸ™,gratitude
YarÄ±n gÃ¶rÃ¼ÅŸÃ¼rÃ¼z sevgili dostum.,farewell
Ä°Ã§im daralÄ±yor :),anxiety
Bunu yapamam :),rejection
Ne olacaÄŸÄ±nÄ± bilmiyorum.,anxiety
Ä°yi akÅŸamlar dostum!,greeting
KeÅŸke bir arkadaÅŸÄ±m olsaydÄ±!!,loneliness
KalabalÄ±kta bile yapayalnÄ±zÄ±m... ...,loneliness
"Elveda, bay bay.",farewell
Ä°stemiyorum sevgili dostum,rejection
Her geÃ§en gÃ¼n daha iyiyim ğŸ™‚,motivation
MinnettarÄ±m.,gratitude
TeÅŸekkÃ¼r ederim sevgili dostum,gratitude
Ä°Ã§imde bÃ¼yÃ¼k bir boÅŸluk var,loneliness
Kendine iyi bak! SaÄŸlÄ±cakla kal.,farewell
"HayÄ±r, teÅŸekkÃ¼rler lÃ¼tfen .",rejection
Ä°Ã§imde bÃ¼yÃ¼k bir boÅŸluk var :),loneliness
Merhaba nasÄ±lsÄ±n ğŸ™‚,greeting
"HayÄ±r, teÅŸekkÃ¼rler!",rejection
Her geÃ§en gÃ¼n daha iyiyim  ğŸ™‚,motivation
Kendimi gÃ¼Ã§lÃ¼ hissediyorum  lÃ¼tfen,motivation
MinnettarÄ±m!  lÃ¼tfen,gratitude
GÃ¶rÃ¼ÅŸmek Ã¼zere ğŸ–ï¸,farewell
YalnÄ±zlÄ±k zor geliyor,loneliness
Kimse beni anlamÄ±yor lÃ¼tfen,loneliness
Stres seviyesi tavan yaptÄ±!!,stress
Åu an iÃ§in mÃ¼mkÃ¼n deÄŸil.  sevgili dostum,rejection
Ã‡ok teÅŸekkÃ¼r ederim ğŸ™‚  ğŸ™‚,gratitude
Elveda ğŸ–ï¸  ğŸ™,farewell
DesteÄŸin iÃ§in teÅŸekkÃ¼rler!! ...,gratitude
KaygÄ±lÄ±yÄ±m!!,anxiety
Kafam Ã§ok dolu! .,stress
Sesimi duyan yok ğŸ™,loneliness
YalnÄ±zlÄ±k iÃ§imi kemiriyor!! .,loneliness
YarÄ±n gÃ¶rÃ¼ÅŸÃ¼rÃ¼z ğŸ–ï¸,farewell
HoÅŸÃ§a kal ğŸ–ï¸ !!,farewell
MinnettarÄ±m... .,gratitude
Ne olacaÄŸÄ±nÄ± bilmiyorum!,anxiety
Ã‡ok gerginim  :),stress
Åu an iÃ§in mÃ¼mkÃ¼n deÄŸil lÃ¼tfen,rejection
Bu iyiliÄŸini unutmayacaÄŸÄ±m :),gratitude
Reddetmek zorundayÄ±m ğŸ™‚  ğŸ™,rejection
Kimse beni anlamÄ±yor lÃ¼tfen ...,loneliness
Derin nefes almaya Ã§alÄ±ÅŸÄ±yorum.,stress
Stres seviyesi tavan yaptÄ±,stress
Bunu yapamam ğŸ™,rejection
Zamanla yarÄ±ÅŸÄ±yorum ğŸ™‚  ğŸ™‚,stress
Ä°Ã§im daralÄ±yor.,anxiety
Kalbim hÄ±zlÄ± Ã§arpÄ±yor!,anxiety
Hedefime ulaÅŸacaÄŸÄ±m...  :),motivation
HoÅŸÃ§a kal. GÃ¶rÃ¼ÅŸÃ¼rÃ¼z.,farewell
GerÃ§ekten Ã§ok naziksin ğŸ™‚,gratitude
Kimse beni anlamÄ±yor ğŸ™‚  sevgili dostum,loneliness
Reddetmek zorundayÄ±m sevgili dostum,rejection
Kafam Ã§ok dolu :),stress
Ä°Ã§im daralÄ±yor lÃ¼tfen,anxiety
Ä°stemiyorum!,rejection
Zamanla yarÄ±ÅŸÄ±yorum...  ğŸ™‚,stress
SÃ¼rekli felaket senaryolarÄ± dÃ¼ÅŸÃ¼nÃ¼yorum!,anxiety
TeÅŸekkÃ¼r ederim!!  sevgili dostum,gratitude
SÃ¼rekli felaket senaryolarÄ± dÃ¼ÅŸÃ¼nÃ¼yorum...,anxiety
Hey!,greeting
KalabalÄ±kta bile yapayalnÄ±zÄ±m ğŸ™,loneliness
HiÃ§ kimsem yok gibi geliyor...  lÃ¼tfen,loneliness
YÄ±lmadan devam ediyorum :),motivation
Kafam karÄ±ÅŸÄ±k ve tedirgin ğŸ™‚,anxiety
Kendime gÃ¼veniyorum sevgili dostum,motivation
BugÃ¼n baÅŸlamak iÃ§in gÃ¼zel bir gÃ¼n.,motivation
Ä°yi geceler! SaÄŸlÄ±cakla kal.,farewell
Ãœzerimde bÃ¼yÃ¼k bir baskÄ± var...,stress
Kendimi yalnÄ±z hissediyorum!,loneliness
Pes etmeyeceÄŸim ğŸ™‚,motivation
"Tekrar gÃ¶rÃ¼ÅŸmek dileÄŸiyle, kendine Ã§ok iyi bak.",farewell
Selam efendim! .,greeting
Kendimi gÃ¼Ã§lÃ¼ hissediyorum!!,motivation
GÃ¼le gÃ¼le sevgili dostum.  :),farewell
Kendimi yalnÄ±z hissediyorum :),loneliness
SaÄŸ ol.  lÃ¼tfen,gratitude
GerÃ§ekten Ã§ok naziksin!! !,gratitude
SÃ¼rekli felaket senaryolarÄ± dÃ¼ÅŸÃ¼nÃ¼yorum... ...,anxiety
Ä°Ã§im daralÄ±yor!!,anxiety
GÃ¼naydÄ±n! NasÄ±lsÄ±nÄ±z?  ğŸ™‚,greeting
KÃ¶tÃ¼ bir ÅŸey olacak diye hissediyorum lÃ¼tfen,anxiety
Merhaba dostum. Keyifler nasÄ±l?,greeting
BugÃ¼n baÅŸlamak iÃ§in gÃ¼zel bir gÃ¼n!!,motivation
Sadece biri beni dinlese yeter...,loneliness
Ã‡ok teÅŸekkÃ¼r ederim lÃ¼tfen  sevgili dostum,gratitude
Selamlar sevgili dostum!,greeting
YarÄ±n gÃ¶rÃ¼ÅŸÃ¼rÃ¼z! SaÄŸlÄ±cakla kal.  lÃ¼tfen,farewell
YarÄ±n gÃ¶rÃ¼ÅŸÃ¼rÃ¼z! SaÄŸlÄ±cakla kal.,farewell
KalabalÄ±kta bile yapayalnÄ±zÄ±m...,loneliness
Olmaz lÃ¼tfen,rejection
YÄ±lmadan devam ediyorum...,motivation
Bunu yapamam!! !!,rejection
HoÅŸÃ§a kal! SaÄŸlÄ±cakla kal.,farewell
"GÃ¼le gÃ¼le, kendine Ã§ok iyi bak.",farewell
Bu tempo beni Ã¶ldÃ¼rÃ¼yor.,stress
MinnettarÄ±m!!,gratitude
Ãœzerimde bÃ¼yÃ¼k bir baskÄ± var ğŸ™ ...,stress
Kimse beni anlamÄ±yor!,loneliness
KaygÄ±lÄ±yÄ±m :),anxiety
NasÄ±lsÄ±nÄ±z. Keyifler nasÄ±l?,greeting
Bu iyiliÄŸini unutmayacaÄŸÄ±m... .,gratitude
Her ÅŸey Ã¼stÃ¼me Ã¼stÃ¼me geliyor ğŸ™‚,stress
GÃ¼le gÃ¼le.  ğŸ™,farewell
Selam!,greeting
Elveda!,farewell
Ä°Ã§im daralÄ±yor ğŸ™‚ !!,anxiety
"HoÅŸ geldiniz, nasÄ±lsÄ±n?",greeting
Her ÅŸey Ã¼stÃ¼me Ã¼stÃ¼me geliyor...,stress
YÄ±lmadan devam ediyorum ğŸ™,motivation
BugÃ¼n harika hissediyorum... !,motivation
"HoÅŸ geldiniz, sizi gÃ¶rmek ne gÃ¼zel.",greeting
HoÅŸÃ§a kal!  :),farewell
"Kendine iyi bak, bay bay.",farewell
Ä°Ã§im daralÄ±yor. !,anxiety
KalabalÄ±kta bile yapayalnÄ±zÄ±m ğŸ™‚,loneliness
KaygÄ±lÄ±yÄ±m ğŸ™‚,anxiety
Åu an iÃ§in mÃ¼mkÃ¼n deÄŸil!!,rejection
Merhaba!,greeting
YardÄ±mÄ±n iÃ§in minnettarÄ±m...,gratitude
Elveda sevgili dostum.,farewell
BugÃ¼n baÅŸlamak iÃ§in gÃ¼zel bir gÃ¼n!,motivation
Tekrar gÃ¶rÃ¼ÅŸmek dileÄŸiyle. GÃ¶rÃ¼ÅŸÃ¼rÃ¼z. !!,farewell
Kendine iyi bak sevgili dostum.  lÃ¼tfen,farewell
SaÄŸ ol!,gratitude
YÄ±lmadan devam ediyorum!,motivation
Åu an iÃ§in mÃ¼mkÃ¼n deÄŸil :),rejection
KaygÄ±lÄ±yÄ±m!,anxiety
Ä°yi ki varsÄ±n!,gratitude
HiÃ§ kimsem yok gibi geliyor!! ...,loneliness
Pes etmeyeceÄŸim!  :),motivation
YardÄ±mÄ±n iÃ§in minnettarÄ±m!,gratitude
HiÃ§ kimsem yok gibi geliyor,loneliness
Maalesef uygun deÄŸil...,rejection
Tekrar gÃ¶rÃ¼ÅŸmek dileÄŸiyle!,farewell
Her geÃ§en gÃ¼n daha iyiyim lÃ¼tfen,motivation
YardÄ±mÄ±n iÃ§in minnettarÄ±m!  lÃ¼tfen,gratitude
Kendime gÃ¼veniyorum :) .,motivation
HoÅŸÃ§a kal ğŸ–ï¸,farewell
KaygÄ±lÄ±yÄ±m ...,anxiety
Pes etmeyeceÄŸim!!,motivation
KÃ¶tÃ¼ bir ÅŸey olacak diye hissediyorum :)  :),anxiety
Ä°yi geceler sevgili dostum. !,farewell
Derin nefes almaya Ã§alÄ±ÅŸÄ±yorum  lÃ¼tfen,stress
Olmaz lÃ¼tfen  :),rejection
Bu bana gÃ¶re deÄŸil lÃ¼tfen,rejection
SÃ¼rekli felaket senaryolarÄ± dÃ¼ÅŸÃ¼nÃ¼yorum ğŸ™,anxiety
Ä°Ã§imde bÃ¼yÃ¼k bir boÅŸluk var.  ğŸ™‚,loneliness
BugÃ¼n harika hissediyorum!!  lÃ¼tfen,motivation
KÃ¶tÃ¼ bir ÅŸey olacak diye hissediyorum...  ğŸ™,anxiety
Reddetmek zorundayÄ±m lÃ¼tfen  lÃ¼tfen,rejection
Zamanla yarÄ±ÅŸÄ±yorum. .,stress
Kafam karÄ±ÅŸÄ±k ve tedirgin sevgili dostum,anxiety
Kusura bakma ama hayÄ±r!!  :),rejection
Ã‡ok teÅŸekkÃ¼r ederim,gratitude
DesteÄŸin iÃ§in teÅŸekkÃ¼rler...  :),gratitude
GerÃ§ekten Ã§ok naziksin lÃ¼tfen .,gratitude
YalnÄ±zlÄ±k iÃ§imi kemiriyor.,loneliness
Sesimi duyan yok. !,loneliness
KÃ¶tÃ¼ bir ÅŸey olacak diye hissediyorum. .,anxiety
Zamanla yarÄ±ÅŸÄ±yorum  sevgili dostum,stress
Ä°yi geceler. GÃ¶rÃ¼ÅŸÃ¼rÃ¼z.,farewell
Huzursuzum!! ...,anxiety
Ä°yi ki varsÄ±n :),gratitude
Hedefime ulaÅŸacaÄŸÄ±m lÃ¼tfen  ğŸ™‚,motivation
MinnettarÄ±m!!  ğŸ™,gratitude
UyuyamÄ±yorum.,anxiety
Allah razÄ± olsun... !,gratitude
HoÅŸÃ§akalÄ±n sevgili dostum. ...,farewell
Kendimi yalnÄ±z hissediyorum ğŸ™‚,loneliness
TeÅŸekkÃ¼r ederim...,gratitude
Sesimi duyan yok!!  ğŸ™‚,loneliness
TeÅŸekkÃ¼r ederim :)  sevgili dostum,gratitude
DesteÄŸin iÃ§in teÅŸekkÃ¼rler,gratitude
Merhaba! UmarÄ±m iyisiniz.,greeting
Kendimi yalnÄ±z hissediyorum ğŸ™,loneliness
Her geÃ§en gÃ¼n daha iyiyim! !!,motivation
"HayÄ±r, teÅŸekkÃ¼rler ğŸ™",rejection
"HayÄ±r, teÅŸekkÃ¼rler ğŸ™‚",rejection
Kendimi yalnÄ±z hissediyorum!! !!,loneliness
Reddetmek zorundayÄ±m lÃ¼tfen,rejection
Kafam Ã§ok dolu!!,stress
"YarÄ±n gÃ¶rÃ¼ÅŸÃ¼rÃ¼z, kendine Ã§ok iyi bak.",farewell
"GÃ¶rÃ¼ÅŸmek Ã¼zere, kendine Ã§ok iyi bak.",farewell
Hey dostum!,greeting
Bu tempo beni Ã¶ldÃ¼rÃ¼yor sevgili dostum  sevgili dostum,stress
"NasÄ±lsÄ±nÄ±z, nasÄ±lsÄ±n?",greeting
YalnÄ±zlÄ±k iÃ§imi kemiriyor... !!,loneliness
"Åimdilik hoÅŸÃ§a kal, bay bay.",farewell
GerÃ§ekten Ã§ok naziksin :) !!,gratitude
Sinirlerim laÃ§ka :),stress
TeÅŸekkÃ¼r ederim!!,gratitude
MinnettarÄ±m...,gratitude
Her ÅŸey Ã¼stÃ¼me Ã¼stÃ¼me geliyor sevgili dostum  lÃ¼tfen,stress
Maalesef uygun deÄŸil sevgili dostum  lÃ¼tfen,rejection
GÃ¶rÃ¼ÅŸmek Ã¼zere. Allah'a emanet.,farewell
Ä°Ã§imde bÃ¼yÃ¼k bir boÅŸluk var ğŸ™,loneliness
Olmaz ğŸ™‚  ğŸ™,rejection
Ä°yi ki varsÄ±n :)  ğŸ™,gratitude
Kendime gÃ¼veniyorum ğŸ™‚,motivation
Kafam karÄ±ÅŸÄ±k ve tedirgin lÃ¼tfen,anxiety
HoÅŸ geldiniz dostum!,greeting
Hey. Keyifler nasÄ±l?,greeting
GÃ¼naydÄ±n efendim!,greeting
KeÅŸke bir arkadaÅŸÄ±m olsaydÄ± ğŸ™‚,loneliness
GÃ¼naydÄ±n ğŸ™‚,greeting
GÃ¼naydÄ±n sevgili dostum!,greeting
Ã‡ok gerginim sevgili dostum,stress
Elveda! SaÄŸlÄ±cakla kal.,farewell
HiÃ§ kimsem yok gibi geliyor sevgili dostum  ğŸ™,loneliness
Ä°stemiyorum  :),rejection
Ä°yi akÅŸamlar! UmarÄ±m iyisiniz.,greeting
Bunu yapamam ğŸ™‚,rejection
Åu an iÃ§in mÃ¼mkÃ¼n deÄŸil.,rejection
Ã‡ok teÅŸekkÃ¼r ederim...,gratitude
Bu tempo beni Ã¶ldÃ¼rÃ¼yor ğŸ™  lÃ¼tfen,stress
Zamanla yarÄ±ÅŸÄ±yorum.,stress
Kabul etmiyorum :)  sevgili dostum,rejection
Kafam Ã§ok dolu ğŸ™‚,stress
Bunu yapamam .,rejection
BaÅŸarabilirim .,motivation
Bu tempo beni Ã¶ldÃ¼rÃ¼yor!  :),stress
Zamanla yarÄ±ÅŸÄ±yorum :)  ğŸ™,stress
Olmaz  lÃ¼tfen,rejection
Huzursuzum!  sevgili dostum,anxiety
"Merhaba nasÄ±lsÄ±n, sizi gÃ¶rmek ne gÃ¼zel.",greeting
YalnÄ±zlÄ±k iÃ§imi kemiriyor ğŸ™‚ .,loneliness
KaygÄ±lÄ±yÄ±m!!  sevgili dostum,anxiety
Ä°stemiyorum,rejection
GÃ¼naydÄ±n! UmarÄ±m iyisiniz.  ğŸ™,greeting
Olmaz ğŸ™‚,rejection
Ä°Ã§im daralÄ±yor ğŸ™‚,anxiety
Ä°yi ki varsÄ±n sevgili dostum ...,gratitude
Pes etmeyeceÄŸim!,motivation
SaÄŸ ol...,gratitude
Bu iyiliÄŸini unutmayacaÄŸÄ±m!!,gratitude
Bu tempo beni Ã¶ldÃ¼rÃ¼yor :)  lÃ¼tfen,stress
BaÅŸarabilirim,motivation
GÃ¼naydÄ±n! NasÄ±lsÄ±nÄ±z?,greeting
"HayÄ±r, teÅŸekkÃ¼rler :)",rejection
YalnÄ±zlÄ±k zor geliyor .,loneliness
Ä°stemiyorum.  ğŸ™‚,rejection
Hey! UmarÄ±m iyisiniz.,greeting
Huzursuzum!,anxiety
BugÃ¼n baÅŸlamak iÃ§in gÃ¼zel bir gÃ¼n,motivation
UyuyamÄ±yorum sevgili dostum  lÃ¼tfen,anxiety
EndiÅŸe iÃ§indeyim!,anxiety
Hedefime ulaÅŸacaÄŸÄ±m ğŸ™‚  :),motivation
HoÅŸ geldiniz!,greeting
Selamlar! NasÄ±lsÄ±nÄ±z?,greeting
HoÅŸÃ§a kal!,farewell
Pes etmeyeceÄŸim.  ğŸ™,motivation
GÃ¼naydÄ±n! UmarÄ±m iyisiniz.,greeting
Kabul etmiyorum ğŸ™  lÃ¼tfen,rejection
GerÃ§ekten Ã§ok naziksin...  sevgili dostum,gratitude
Bu bana gÃ¶re deÄŸil sevgili dostum,rejection
Olmaz...  ğŸ™,rejection
Åu an iÃ§in mÃ¼mkÃ¼n deÄŸil ğŸ™‚  ğŸ™‚,rejection
YalnÄ±zlÄ±k zor geliyor ğŸ™,loneliness
SÃ¼rekli felaket senaryolarÄ± dÃ¼ÅŸÃ¼nÃ¼yorum :)  :),anxiety
Allah razÄ± olsun ğŸ™‚,gratitude
Derin nefes almaya Ã§alÄ±ÅŸÄ±yorum!  sevgili dostum,stress
Kalbim hÄ±zlÄ± Ã§arpÄ±yor lÃ¼tfen  sevgili dostum,anxiety
Ãœzerimde bÃ¼yÃ¼k bir baskÄ± var...  ğŸ™‚,stress
UyuyamÄ±yorum lÃ¼tfen,anxiety
GÃ¶rÃ¼ÅŸmek Ã¼zere ğŸ–ï¸  ğŸ™‚,farewell
Ä°yi akÅŸamlar efendim!  :),greeting
Tekrar gÃ¶rÃ¼ÅŸmek dileÄŸiyle. Allah'a emanet.,farewell
Bu bana gÃ¶re deÄŸil,rejection
Selamlar efendim!,greeting
Ä°nanÄ±yorum!!,motivation
Sinirlerim laÃ§ka lÃ¼tfen,stress
UyuyamÄ±yorum.  sevgili dostum,anxiety
TeÅŸekkÃ¼r ederim !,gratitude
KeÅŸke bir arkadaÅŸÄ±m olsaydÄ± lÃ¼tfen  ğŸ™,loneliness
Ne olacaÄŸÄ±nÄ± bilmiyorum...  ğŸ™‚,anxiety
Bu bana gÃ¶re deÄŸil!,rejection
Her geÃ§en gÃ¼n daha iyiyim ğŸ™‚ !!,motivation
Bunu yapamam ğŸ™  lÃ¼tfen,rejection
Kabul etmiyorum.,rejection
Reddetmek zorundayÄ±m.  ğŸ™,rejection
EndiÅŸe iÃ§indeyim.,anxiety
Kafam Ã§ok dolu...,stress
Ãœzerimde bÃ¼yÃ¼k bir baskÄ± var.,stress
Ä°stemiyorum :)  :),rejection
Her ÅŸey Ã¼stÃ¼me Ã¼stÃ¼me geliyor...  lÃ¼tfen,stress
"HoÅŸÃ§akalÄ±n, bay bay. !",farewell
Kafam karÄ±ÅŸÄ±k ve tedirgin,anxiety
Kabul etmiyorum. !,rejection
MinnettarÄ±m :),gratitude
Ä°nanÄ±yorum,motivation
GerÃ§ekten Ã§ok naziksin sevgili dostum .,gratitude
Selam! NasÄ±lsÄ±nÄ±z?  ğŸ™,greeting
Kabul etmiyorum lÃ¼tfen,rejection
HoÅŸÃ§akalÄ±n! !!,farewell
Selamlar. Keyifler nasÄ±l? !,greeting
SaÄŸ ol ğŸ™ !,gratitude
Kabul etmiyorum!! .,rejection
Ã‡ok gerginim ğŸ™,stress
Merhaba nasÄ±lsÄ±n efendim!,greeting
Kendine iyi bak! SaÄŸlÄ±cakla kal. .,farewell
Sadece biri beni dinlese yeter,loneliness
NasÄ±lsÄ±nÄ±z! UmarÄ±m iyisiniz.,greeting
Bu tempo beni Ã¶ldÃ¼rÃ¼yor!!,stress
KaygÄ±lÄ±yÄ±m lÃ¼tfen,anxiety
Merhaba sevgili dostum! .,greeting
Bu tempo beni Ã¶ldÃ¼rÃ¼yor!,stress
BugÃ¼n baÅŸlamak iÃ§in gÃ¼zel bir gÃ¼n ğŸ™,motivation
YalnÄ±zlÄ±k iÃ§imi kemiriyor sevgili dostum,loneliness
Ãœzerimde bÃ¼yÃ¼k bir baskÄ± var,stress
TeÅŸekkÃ¼r ederim ğŸ™‚ !!,gratitude
Åimdilik hoÅŸÃ§a kal ğŸ–ï¸,farewell
Reddetmek zorundayÄ±m...,rejection
DesteÄŸin iÃ§in teÅŸekkÃ¼rler lÃ¼tfen,gratitude
Ã‡ok gerginim,stress
Kendimi gÃ¼Ã§lÃ¼ hissediyorum lÃ¼tfen .,motivation
BugÃ¼n baÅŸlamak iÃ§in gÃ¼zel bir gÃ¼n :),motivation
Zamanla yarÄ±ÅŸÄ±yorum,stress
Kabul etmiyorum!!,rejection
"GÃ¶rÃ¼ÅŸmek Ã¼zere, bay bay.",farewell
GÃ¼naydÄ±n!,greeting
Allah razÄ± olsun...,gratitude
Åu an iÃ§in mÃ¼mkÃ¼n deÄŸil ğŸ™‚,rejection
Allah razÄ± olsun!,gratitude
BugÃ¼n harika hissediyorum sevgili dostum,motivation
Derin nefes almaya Ã§alÄ±ÅŸÄ±yorum!,stress
Sesimi duyan yok!!,loneliness
"HoÅŸÃ§akalÄ±n, bay bay.",farewell
Huzursuzum ğŸ™,anxiety
Kendime gÃ¼veniyorum.,motivation
Reddetmek zorundayÄ±m :) !!,rejection
Sadece biri beni dinlese yeter.  lÃ¼tfen,loneliness
MinnettarÄ±m lÃ¼tfen  :),gratitude
"GÃ¼le gÃ¼le, bay bay.",farewell
"HoÅŸÃ§akalÄ±n, kendine Ã§ok iyi bak.",farewell
Kalbim hÄ±zlÄ± Ã§arpÄ±yor sevgili dostum,anxiety
Kafam karÄ±ÅŸÄ±k ve tedirgin ğŸ™ .,anxiety
Ä°Ã§imde bÃ¼yÃ¼k bir boÅŸluk var sevgili dostum  ğŸ™,loneliness
BugÃ¼n baÅŸlamak iÃ§in gÃ¼zel bir gÃ¼n lÃ¼tfen,motivation
Ne olacaÄŸÄ±nÄ± bilmiyorum ğŸ™‚,anxiety
Allah razÄ± olsun ğŸ™‚ ...,gratitude
HiÃ§ kimsem yok gibi geliyor ğŸ™‚,loneliness
NasÄ±lsÄ±nÄ±z! NasÄ±lsÄ±nÄ±z?,greeting
"HayÄ±r, teÅŸekkÃ¼rler!  sevgili dostum",rejection
YalnÄ±zlÄ±k zor geliyor...,loneliness
TeÅŸekkÃ¼r ederim :),gratitude
"Selam, sizi gÃ¶rmek ne gÃ¼zel.",greeting
Ä°yi geceler sevgili dostum.,farewell
Ne olacaÄŸÄ±nÄ± bilmiyorum...,anxiety
"Tekrar gÃ¶rÃ¼ÅŸmek dileÄŸiyle, bay bay.",farewell
"Åimdilik hoÅŸÃ§a kal, kendine Ã§ok iyi bak.",farewell
YalnÄ±zlÄ±k zor geliyor.,loneliness
"HoÅŸÃ§a kal, kendine Ã§ok iyi bak.",farewell
KeÅŸke bir arkadaÅŸÄ±m olsaydÄ± :)  ğŸ™‚,loneliness
Her geÃ§en gÃ¼n daha iyiyim sevgili dostum,motivation
Ä°yi akÅŸamlar ğŸ™‚,greeting
KÃ¶tÃ¼ bir ÅŸey olacak diye hissediyorum...,anxiety
NasÄ±lsÄ±nÄ±z!,greeting
Ä°Ã§imde bÃ¼yÃ¼k bir boÅŸluk var :) !,loneliness
Sinirlerim laÃ§ka ğŸ™‚ !,stress
"Merhaba dostum, nasÄ±lsÄ±n?",greeting
Hedefime ulaÅŸacaÄŸÄ±m.  :),motivation
Sadece biri beni dinlese yeter :),loneliness
YÄ±lmadan devam ediyorum!! !,motivation
Kalbim hÄ±zlÄ± Ã§arpÄ±yor lÃ¼tfen,anxiety
EndiÅŸe iÃ§indeyim. ...,anxiety
KaygÄ±lÄ±yÄ±m,anxiety
Elveda! SaÄŸlÄ±cakla kal. !,farewell
HoÅŸ geldiniz! NasÄ±lsÄ±nÄ±z?,greeting
KÃ¶tÃ¼ bir ÅŸey olacak diye hissediyorum sevgili dostum,anxiety
Bu tempo beni Ã¶ldÃ¼rÃ¼yor.  ğŸ™‚,stress
Åimdilik hoÅŸÃ§a kal ğŸ–ï¸ .,farewell
Olmaz sevgili dostum  lÃ¼tfen,rejection
Kalbim hÄ±zlÄ± Ã§arpÄ±yor ğŸ™  lÃ¼tfen,anxiety
SaÄŸ ol :),gratitude
Stres seviyesi tavan yaptÄ± :),stress
Maalesef uygun deÄŸil ğŸ™‚  sevgili dostum,rejection
KÃ¶tÃ¼ bir ÅŸey olacak diye hissediyorum ğŸ™,anxiety
Ä°yi ki varsÄ±n ğŸ™,gratitude
SaÄŸ ol!!,gratitude
Åu an iÃ§in mÃ¼mkÃ¼n deÄŸil... ...,rejection
Ä°yi geceler!,farewell
BugÃ¼n baÅŸlamak iÃ§in gÃ¼zel bir gÃ¼n...  sevgili dostum,motivation
Olmaz sevgili dostum,rejection
Ã‡ok gerginim.,stress
Ä°yi akÅŸamlar. Keyifler nasÄ±l?,greeting
YalnÄ±zlÄ±k iÃ§imi kemiriyor lÃ¼tfen,loneliness
Zamanla yarÄ±ÅŸÄ±yorum sevgili dostum  ğŸ™,stress
HiÃ§ kimsem yok gibi geliyor!!,loneliness
EndiÅŸe iÃ§indeyim lÃ¼tfen,anxiety
Kabul etmiyorum ğŸ™,rejection
Åimdilik hoÅŸÃ§a kal!  sevgili dostum,farewell
Hedefime ulaÅŸacaÄŸÄ±m.,motivation
Kendime gÃ¼veniyorum. .,motivation
"YarÄ±n gÃ¶rÃ¼ÅŸÃ¼rÃ¼z, bay bay.  ğŸ™",farewell
Ã‡ok gerginim lÃ¼tfen,stress
Kusura bakma ama hayÄ±r ğŸ™,rejection
Ä°yi akÅŸamlar!,greeting
MinnettarÄ±m ğŸ™‚,gratitude
Kendine iyi bak!,farewell
HoÅŸÃ§akalÄ±n.,farewell
Hedefime ulaÅŸacaÄŸÄ±m ğŸ™‚,motivation
SaÄŸ ol :) !!,gratitude
Kendime gÃ¼veniyorum ğŸ™‚ ...,motivation
KalabalÄ±kta bile yapayalnÄ±zÄ±m !,loneliness
"Ä°yi geceler, kendine Ã§ok iyi bak.",farewell
Birazdan patlayacaÄŸÄ±m lÃ¼tfen ...,stress
Zamanla yarÄ±ÅŸÄ±yorum!!,stress
YalnÄ±zlÄ±k iÃ§imi kemiriyor sevgili dostum !,loneliness
Sadece biri beni dinlese yeter sevgili dostum,loneliness
Selam dostum!,greeting
Kendimi yalnÄ±z hissediyorum sevgili dostum,loneliness
Selamlar! UmarÄ±m iyisiniz.,greeting
Allah razÄ± olsun.,gratitude
Sadece biri beni dinlese yeter!!,loneliness
Tekrar gÃ¶rÃ¼ÅŸmek dileÄŸiyle sevgili dostum.  sevgili dostum,farewell
Bu tempo beni Ã¶ldÃ¼rÃ¼yor sevgili dostum,stress
SÃ¼rekli felaket senaryolarÄ± dÃ¼ÅŸÃ¼nÃ¼yorum ğŸ™‚,anxiety
UyuyamÄ±yorum sevgili dostum,anxiety
Merhaba dostum efendim!,greeting
Derin nefes almaya Ã§alÄ±ÅŸÄ±yorum. .,stress
"Merhaba, nasÄ±lsÄ±n?",greeting
Olmaz!,rejection
YardÄ±mÄ±n iÃ§in minnettarÄ±m ğŸ™  ğŸ™‚,gratitude
Huzursuzum lÃ¼tfen,anxiety
YarÄ±n gÃ¶rÃ¼ÅŸÃ¼rÃ¼z.,farewell
Ä°yi akÅŸamlar! NasÄ±lsÄ±nÄ±z?,greeting
Kalbim hÄ±zlÄ± Ã§arpÄ±yor ğŸ™,anxiety
"Merhaba dostum, sizi gÃ¶rmek ne gÃ¼zel.",greeting
Hedefime ulaÅŸacaÄŸÄ±m...,motivation
Zamanla yarÄ±ÅŸÄ±yorum lÃ¼tfen  :),stress
SÃ¼rekli felaket senaryolarÄ± dÃ¼ÅŸÃ¼nÃ¼yorum.,anxiety
Ä°Ã§imde bÃ¼yÃ¼k bir boÅŸluk var.,loneliness
Maalesef uygun deÄŸil,rejection
Kabul etmiyorum lÃ¼tfen !!,rejection
Sadece biri beni dinlese yeter!  ğŸ™‚,loneliness
SaÄŸ ol!!  lÃ¼tfen,gratitude
Ne olacaÄŸÄ±nÄ± bilmiyorum :) !,anxiety
Birazdan patlayacaÄŸÄ±m...,stress
Kafam karÄ±ÅŸÄ±k ve tedirgin :) !!,anxiety
KeÅŸke bir arkadaÅŸÄ±m olsaydÄ± ğŸ™ .,loneliness
Kimse beni anlamÄ±yor :) !,loneliness
Maalesef uygun deÄŸil lÃ¼tfen .,rejection
Bunu yapamam :)  :),rejection
Elveda ğŸ–ï¸,farewell
Ä°Ã§im daralÄ±yor lÃ¼tfen  sevgili dostum,anxiety
Stres seviyesi tavan yaptÄ± ğŸ™‚,stress
"Kendine iyi bak, kendine Ã§ok iyi bak.",farewell
Selamlar!,greeting
KaygÄ±lÄ±yÄ±m ğŸ™‚  :),anxiety
Her geÃ§en gÃ¼n daha iyiyim. !,motivation
EndiÅŸe iÃ§indeyim sevgili dostum,anxiety
Birazdan patlayacaÄŸÄ±m,stress
Kusura bakma ama hayÄ±r sevgili dostum,rejection
Sesimi duyan yok sevgili dostum  :),loneliness
Ä°nanÄ±yorum!!  ğŸ™,motivation
BaÅŸarabilirim ğŸ™‚  sevgili dostum,motivation
Åu an iÃ§in mÃ¼mkÃ¼n deÄŸil :)  ğŸ™‚,rejection
DesteÄŸin iÃ§in teÅŸekkÃ¼rler. .,gratitude
Bu iyiliÄŸini unutmayacaÄŸÄ±m lÃ¼tfen,gratitude
Reddetmek zorundayÄ±m!!  :),rejection
DesteÄŸin iÃ§in teÅŸekkÃ¼rler...,gratitude
Kafam karÄ±ÅŸÄ±k ve tedirgin ğŸ™,anxiety
Ãœzerimde bÃ¼yÃ¼k bir baskÄ± var lÃ¼tfen !!,stress
Sinirlerim laÃ§ka ğŸ™‚,stress
Kafam Ã§ok dolu :) ...,stress
Sesimi duyan yok lÃ¼tfen,loneliness
Hey! NasÄ±lsÄ±nÄ±z?,greeting
Ã‡ok gerginim. .,stress
Ä°stemiyorum ğŸ™‚,rejection
Kalbim hÄ±zlÄ± Ã§arpÄ±yor!!,anxiety
Hedefime ulaÅŸacaÄŸÄ±m ğŸ™,motivation
Ä°yi geceler! ...,farewell
Elveda. GÃ¶rÃ¼ÅŸÃ¼rÃ¼z.,farewell
Kendimi yalnÄ±z hissediyorum!  :),loneliness
Ãœzerimde bÃ¼yÃ¼k bir baskÄ± var lÃ¼tfen,stress
Stres seviyesi tavan yaptÄ±.,stress
YÄ±lmadan devam ediyorum :)  ğŸ™‚,motivation
DesteÄŸin iÃ§in teÅŸekkÃ¼rler! ...,gratitude
KalabalÄ±kta bile yapayalnÄ±zÄ±m :),loneliness
YalnÄ±zlÄ±k iÃ§imi kemiriyor ğŸ™  :),loneliness
Derin nefes almaya Ã§alÄ±ÅŸÄ±yorum sevgili dostum,stress
Hedefime ulaÅŸacaÄŸÄ±m sevgili dostum,motivation
Stres seviyesi tavan yaptÄ±!  :),stress
YardÄ±mÄ±n iÃ§in minnettarÄ±m sevgili dostum,gratitude
Hedefime ulaÅŸacaÄŸÄ±m!,motivation
SÃ¼rekli felaket senaryolarÄ± dÃ¼ÅŸÃ¼nÃ¼yorum.  lÃ¼tfen,anxiety
BaÅŸarabilirim ğŸ™  lÃ¼tfen,motivation
MinnettarÄ±m,gratitude
KeÅŸke bir arkadaÅŸÄ±m olsaydÄ±...,loneliness
"HayÄ±r, teÅŸekkÃ¼rler... ...",rejection
Reddetmek zorundayÄ±m ğŸ™‚,rejection
MinnettarÄ±m!,gratitude
BugÃ¼n baÅŸlamak iÃ§in gÃ¼zel bir gÃ¼n!  ğŸ™,motivation
"HayÄ±r, teÅŸekkÃ¼rler ğŸ™ !!",rejection
Birazdan patlayacaÄŸÄ±m. !,stress
YalnÄ±zlÄ±k iÃ§imi kemiriyor ğŸ™‚,loneliness
Merhaba dostum dostum!,greeting
Ä°yi geceler ğŸ–ï¸,farewell
YÄ±lmadan devam ediyorum ğŸ™ !!,motivation
BaÅŸarabilirim :) .,motivation
Tekrar gÃ¶rÃ¼ÅŸmek dileÄŸiyle ğŸ–ï¸,farewell
Derin nefes almaya Ã§alÄ±ÅŸÄ±yorum...,stress
Åimdilik hoÅŸÃ§a kal!,farewell
DesteÄŸin iÃ§in teÅŸekkÃ¼rler!,gratitude
Stres seviyesi tavan yaptÄ± lÃ¼tfen,stress
Ä°yi geceler.,farewell
Sinirlerim laÃ§ka.,stress
Ãœzerimde bÃ¼yÃ¼k bir baskÄ± var ğŸ™,stress
Ãœzerimde bÃ¼yÃ¼k bir baskÄ± var. !,stress
Kimse beni anlamÄ±yor...,loneliness
KÃ¶tÃ¼ bir ÅŸey olacak diye hissediyorum :),anxiety
BugÃ¼n harika hissediyorum ğŸ™,motivation
Maalesef uygun deÄŸil ğŸ™,rejection
SÃ¼rekli felaket senaryolarÄ± dÃ¼ÅŸÃ¼nÃ¼yorum! .,anxiety
TeÅŸekkÃ¼r ederim...  :),gratitude
GÃ¼le gÃ¼le sevgili dostum.,farewell
Ã‡ok teÅŸekkÃ¼r ederim...  ğŸ™‚,gratitude
Merhaba. Keyifler nasÄ±l?,greeting
Birazdan patlayacaÄŸÄ±m sevgili dostum !!,stress
Maalesef uygun deÄŸil... !,rejection
Bu bana gÃ¶re deÄŸil.,rejection
Merhaba nasÄ±lsÄ±n. Keyifler nasÄ±l?  lÃ¼tfen,greeting
Bu tempo beni Ã¶ldÃ¼rÃ¼yor :),stress
Bunu yapamam!!,rejection
Maalesef uygun deÄŸil ğŸ™‚,rejection
BugÃ¼n harika hissediyorum,motivation
Kimse beni anlamÄ±yor!!,loneliness
Kendine iyi bak!  lÃ¼tfen,farewell
Ne olacaÄŸÄ±nÄ± bilmiyorum :),anxiety
Maalesef uygun deÄŸil sevgili dostum,rejection
Hedefime ulaÅŸacaÄŸÄ±m!  lÃ¼tfen,motivation
Huzursuzum lÃ¼tfen !,anxiety
Hey dostum!  lÃ¼tfen,greeting
Selam sevgili dostum!,greeting
Ã‡ok gerginim...,stress
Huzursuzum sevgili dostum,anxiety
TeÅŸekkÃ¼r ederim,gratitude
Kendimi yalnÄ±z hissediyorum!!,loneliness
HoÅŸÃ§akalÄ±n sevgili dostum.,farewell
BugÃ¼n harika hissediyorum!  sevgili dostum,motivation
KeÅŸke bir arkadaÅŸÄ±m olsaydÄ± sevgili dostum,loneliness
Kendine iyi bak. GÃ¶rÃ¼ÅŸÃ¼rÃ¼z.,farewell
Bu bana gÃ¶re deÄŸil!! .,rejection
TeÅŸekkÃ¼r ederim!  lÃ¼tfen,gratitude
Kabul etmiyorum  ğŸ™,rejection
Her geÃ§en gÃ¼n daha iyiyim sevgili dostum ...,motivation
TeÅŸekkÃ¼r ederim.,gratitude
Kalbim hÄ±zlÄ± Ã§arpÄ±yor.  lÃ¼tfen,anxiety
Kendimi yalnÄ±z hissediyorum. ...,loneliness
BaÅŸarabilirim ğŸ™‚,motivation
HoÅŸÃ§a kal sevgili dostum.,farewell
Kusura bakma ama hayÄ±r sevgili dostum  ğŸ™‚,rejection
Derin nefes almaya Ã§alÄ±ÅŸÄ±yorum...  lÃ¼tfen,stress
Sinirlerim laÃ§ka,stress
YÄ±lmadan devam ediyorum. !!,motivation
Kalbim hÄ±zlÄ± Ã§arpÄ±yor!!  ğŸ™,anxiety
Merhaba sevgili dostum!,greeting
Hedefime ulaÅŸacaÄŸÄ±m :),motivation
Birazdan patlayacaÄŸÄ±m.,stress
HoÅŸ geldiniz dostum!  sevgili dostum,greeting
Kendimi yalnÄ±z hissediyorum ğŸ™  ğŸ™,loneliness
"HayÄ±r, teÅŸekkÃ¼rler.",rejection
Ä°Ã§imde bÃ¼yÃ¼k bir boÅŸluk var lÃ¼tfen,loneliness
"Hey, nasÄ±lsÄ±n?",greeting
Kafam Ã§ok dolu sevgili dostum  ğŸ™‚,stress
HoÅŸ geldiniz sevgili dostum!,greeting
BugÃ¼n harika hissediyorum!!,motivation
SaÄŸ ol lÃ¼tfen  ğŸ™,gratitude
Kusura bakma ama hayÄ±r...,rejection
KÃ¶tÃ¼ bir ÅŸey olacak diye hissediyorum sevgili dostum  ğŸ™‚,anxiety
DesteÄŸin iÃ§in teÅŸekkÃ¼rler!!,gratitude
Hedefime ulaÅŸacaÄŸÄ±m  ğŸ™,motivation
Kafam karÄ±ÅŸÄ±k ve tedirgin :),anxiety
Her ÅŸey Ã¼stÃ¼me Ã¼stÃ¼me geliyor sevgili dostum,stress
Sesimi duyan yok,loneliness
GÃ¶rÃ¼ÅŸmek Ã¼zere.,farewell
Selamlar ğŸ™‚,greeting
UyuyamÄ±yorum!!,anxiety
YalnÄ±zlÄ±k iÃ§imi kemiriyor!!,loneliness
Sadece biri beni dinlese yeter :) !,loneliness
Reddetmek zorundayÄ±m!!,rejection
Ä°Ã§imde bÃ¼yÃ¼k bir boÅŸluk var!,loneliness
GerÃ§ekten Ã§ok naziksin...,gratitude
YardÄ±mÄ±n iÃ§in minnettarÄ±m,gratitude
Kabul etmiyorum,rejection
Huzursuzum ğŸ™ !,anxiety
Her ÅŸey Ã¼stÃ¼me Ã¼stÃ¼me geliyor!!  ğŸ™,stress
Kendime gÃ¼veniyorum sevgili dostum !,motivation
Kendine iyi bak ğŸ–ï¸,farewell
Kimse beni anlamÄ±yor :),loneliness
Birazdan patlayacaÄŸÄ±m... ...,stress
Kafam karÄ±ÅŸÄ±k ve tedirgin ğŸ™‚  lÃ¼tfen,anxiety
BugÃ¼n baÅŸlamak iÃ§in gÃ¼zel bir gÃ¼n :)  ğŸ™‚,motivation
Maalesef uygun deÄŸil!!,rejection
"Kendine iyi bak, kendine Ã§ok iyi bak.  lÃ¼tfen",farewell
TeÅŸekkÃ¼r ederim ğŸ™‚,gratitude
Kusura bakma ama hayÄ±r!!,rejection
"Ä°yi akÅŸamlar, nasÄ±lsÄ±n?",greeting
Kabul etmiyorum :),rejection
Kendimi yalnÄ±z hissediyorum.,loneliness
UyuyamÄ±yorum ğŸ™‚ .,anxiety
YardÄ±mÄ±n iÃ§in minnettarÄ±m lÃ¼tfen,gratitude
Merhaba ğŸ™‚ !!,greeting
Her geÃ§en gÃ¼n daha iyiyim,motivation
Kendime gÃ¼veniyorum :),motivation
EndiÅŸe iÃ§indeyim ğŸ™,anxiety
HoÅŸÃ§a kal. Allah'a emanet.,farewell
GÃ¼naydÄ±n. Keyifler nasÄ±l? .,greeting
GÃ¼naydÄ±n. Keyifler nasÄ±l?,greeting
YalnÄ±zlÄ±k iÃ§imi kemiriyor ğŸ™,loneliness
Ä°nanÄ±yorum ğŸ™‚,motivation
Sesimi duyan yok.,loneliness
GerÃ§ekten Ã§ok naziksin!  :),gratitude
Sinirlerim laÃ§ka :) !,stress
Selamlar dostum!,greeting
Hedefime ulaÅŸacaÄŸÄ±m :)  sevgili dostum,motivation
Ä°yi akÅŸamlar. Keyifler nasÄ±l? !!,greeting
Kafam Ã§ok dolu...  sevgili dostum,stress
YÄ±lmadan devam ediyorum lÃ¼tfen,motivation
Kendime gÃ¼veniyorum lÃ¼tfen,motivation
Ä°nanÄ±yorum!,motivation
Sadece biri beni dinlese yeter!,loneliness
Kafam Ã§ok dolu ğŸ™,stress
Huzursuzum :)  sevgili dostum,anxiety
Bu bana gÃ¶re deÄŸil. !,rejection
Bu bana gÃ¶re deÄŸil! ...,rejection
Sinirlerim laÃ§ka !,stress
Elveda. Allah'a emanet.  :),farewell
Ã‡ok gerginim!!  ğŸ™,stress
Bunu yapamam.,rejection
Ä°stemiyorum ğŸ™‚ .,rejection
YardÄ±mÄ±n iÃ§in minnettarÄ±m :),gratitude
DesteÄŸin iÃ§in teÅŸekkÃ¼rler :)  lÃ¼tfen,gratitude
Kendimi gÃ¼Ã§lÃ¼ hissediyorum...,motivation
Ä°Ã§imde bÃ¼yÃ¼k bir boÅŸluk var  ğŸ™‚,loneliness
MinnettarÄ±m.  ğŸ™,gratitude
Elveda. Allah'a emanet.,farewell
Bu bana gÃ¶re deÄŸil...,rejection
Merhaba dostum sevgili dostum!,greeting
Elveda.  sevgili dostum,farewell
DesteÄŸin iÃ§in teÅŸekkÃ¼rler lÃ¼tfen  sevgili dostum,gratitude
Ä°Ã§imde bÃ¼yÃ¼k bir boÅŸluk var sevgili dostum,loneliness
Bu bana gÃ¶re deÄŸil...  ğŸ™‚,rejection
Ne olacaÄŸÄ±nÄ± bilmiyorum!  ğŸ™‚,anxiety
YarÄ±n gÃ¶rÃ¼ÅŸÃ¼rÃ¼z. GÃ¶rÃ¼ÅŸÃ¼rÃ¼z.,farewell
Hedefime ulaÅŸacaÄŸÄ±m lÃ¼tfen,motivation
HoÅŸ geldiniz ğŸ™‚,greeting
Zamanla yarÄ±ÅŸÄ±yorum ğŸ™,stress
HoÅŸÃ§akalÄ±n! SaÄŸlÄ±cakla kal. ...,farewell
DesteÄŸin iÃ§in teÅŸekkÃ¼rler :),gratitude
UyuyamÄ±yorum :)  ğŸ™,anxiety
BaÅŸarabilirim :),motivation
Kabul etmiyorum sevgili dostum !,rejection
GerÃ§ekten Ã§ok naziksin sevgili dostum,gratitude
Ã‡ok teÅŸekkÃ¼r ederim!!,gratitude
Bunu yapamam sevgili dostum ...,rejection
"Elveda, kendine Ã§ok iyi bak.",farewell
Ne olacaÄŸÄ±nÄ± bilmiyorum ğŸ™‚  lÃ¼tfen,anxiety
NasÄ±lsÄ±nÄ±z efendim!,greeting
Her ÅŸey Ã¼stÃ¼me Ã¼stÃ¼me geliyor :) .,stress
Maalesef uygun deÄŸil.,rejection
Kalbim hÄ±zlÄ± Ã§arpÄ±yor.,anxiety
Bu bana gÃ¶re deÄŸil lÃ¼tfen !,rejection
Ä°Ã§im daralÄ±yor ğŸ™ !,anxiety
KeÅŸke bir arkadaÅŸÄ±m olsaydÄ±...  lÃ¼tfen,loneliness
GÃ¶rÃ¼ÅŸmek Ã¼zere. GÃ¶rÃ¼ÅŸÃ¼rÃ¼z.,farewell
"Selam, nasÄ±lsÄ±n? !",greeting
KalabalÄ±kta bile yapayalnÄ±zÄ±m.  :),loneliness
Ã‡ok gerginim lÃ¼tfen  :),stress
Pes etmeyeceÄŸim!!  :),motivation
EndiÅŸe iÃ§indeyim :)  ğŸ™‚,anxiety
Åu an iÃ§in mÃ¼mkÃ¼n deÄŸil...,rejection
Birazdan patlayacaÄŸÄ±m lÃ¼tfen,stress
Selamlar. Keyifler nasÄ±l?,greeting
Ä°stemiyorum! !,rejection
HoÅŸ geldiniz efendim!,greeting
Kendime gÃ¼veniyorum,motivation
HoÅŸÃ§akalÄ±n! SaÄŸlÄ±cakla kal.,farewell
Åimdilik hoÅŸÃ§a kal.,farewell
Elveda.,farewell
HoÅŸ geldiniz! UmarÄ±m iyisiniz.,greeting
KÃ¶tÃ¼ bir ÅŸey olacak diye hissediyorum lÃ¼tfen .,anxiety
KalabalÄ±kta bile yapayalnÄ±zÄ±m.,loneliness
Åimdilik hoÅŸÃ§a kal sevgili dostum.,farewell
Ä°Ã§im daralÄ±yor sevgili dostum,anxiety
Ä°yi geceler! SaÄŸlÄ±cakla kal.  ğŸ™‚,farewell
Allah razÄ± olsun!  ğŸ™,gratitude
Merhaba nasÄ±lsÄ±n sevgili dostum!,greeting
GerÃ§ekten Ã§ok naziksin!!,gratitude
YÄ±lmadan devam ediyorum lÃ¼tfen !!,motivation
NasÄ±lsÄ±nÄ±z dostum!,greeting
Kalbim hÄ±zlÄ± Ã§arpÄ±yor,anxiety
BaÅŸarabilirim!!,motivation
YalnÄ±zlÄ±k zor geliyor!!,loneliness
Bu tempo beni Ã¶ldÃ¼rÃ¼yor... !!,stress
BaÅŸarabilirim...,motivation
Kabul etmiyorum sevgili dostum,rejection
KeÅŸke bir arkadaÅŸÄ±m olsaydÄ± lÃ¼tfen,loneliness
Ãœzerimde bÃ¼yÃ¼k bir baskÄ± var ğŸ™‚,stress
Her ÅŸey Ã¼stÃ¼me Ã¼stÃ¼me geliyor!,stress
Stres seviyesi tavan yaptÄ± ğŸ™ !!,stress
Pes etmeyeceÄŸim sevgili dostum  lÃ¼tfen,motivation
Ã‡ok teÅŸekkÃ¼r ederim!! ...,gratitude
Ä°yi geceler ğŸ–ï¸ .,farewell
UyuyamÄ±yorum ğŸ™‚,anxiety
Bu iyiliÄŸini unutmayacaÄŸÄ±m,gratitude
Her geÃ§en gÃ¼n daha iyiyim!!,motivation
Kendimi gÃ¼Ã§lÃ¼ hissediyorum sevgili dostum,motivation
Zamanla yarÄ±ÅŸÄ±yorum sevgili dostum,stress
Ã‡ok teÅŸekkÃ¼r ederim lÃ¼tfen,gratitude
Ä°nanÄ±yorum. ...,motivation
HoÅŸ geldiniz sevgili dostum! !!,greeting
YalnÄ±zlÄ±k zor geliyor ğŸ™‚ !!,loneliness
Selam! UmarÄ±m iyisiniz.  ğŸ™‚,greeting
Sadece biri beni dinlese yeter lÃ¼tfen,loneliness
Ä°nanÄ±yorum  :),motivation
Ä°yi ki varsÄ±n!!,gratitude
GÃ¶rÃ¼ÅŸmek Ã¼zere! SaÄŸlÄ±cakla kal.,farewell
HoÅŸÃ§akalÄ±n. GÃ¶rÃ¼ÅŸÃ¼rÃ¼z.,farewell
NasÄ±lsÄ±nÄ±z. Keyifler nasÄ±l?  :),greeting
SÃ¼rekli felaket senaryolarÄ± dÃ¼ÅŸÃ¼nÃ¼yorum :),anxiety
EndiÅŸe iÃ§indeyim :),anxiety
Pes etmeyeceÄŸim :) ...,motivation
Hey!  :),greeting
YÄ±lmadan devam ediyorum!!,motivation
Derin nefes almaya Ã§alÄ±ÅŸÄ±yorum,stress
Merhaba dostum!,greeting
Allah razÄ± olsun!! !,gratitude
"Selamlar, nasÄ±lsÄ±n?",greeting
Ãœzerimde bÃ¼yÃ¼k bir baskÄ± var  ğŸ™,stress
Olmaz :),rejection
HiÃ§ kimsem yok gibi geliyor...,loneliness
"Selamlar, sizi gÃ¶rmek ne gÃ¼zel.",greeting
Tekrar gÃ¶rÃ¼ÅŸmek dileÄŸiyle.,farewell
Sadece biri beni dinlese yeter ğŸ™‚,loneliness
Kafam Ã§ok dolu!,stress
Ãœzerimde bÃ¼yÃ¼k bir baskÄ± var :)  ğŸ™,stress
Ã‡ok gerginim!!,stress
Kimse beni anlamÄ±yor ğŸ™‚,loneliness
BaÅŸarabilirim lÃ¼tfen,motivation
Selam efendim!,greeting
Reddetmek zorundayÄ±m ğŸ™,rejection
Hey sevgili dostum!,greeting
Her geÃ§en gÃ¼n daha iyiyim!,motivation
Allah razÄ± olsun!!,gratitude
Kabul etmiyorum ğŸ™‚,rejection
KÃ¶tÃ¼ bir ÅŸey olacak diye hissediyorum,anxiety
Ä°stemiyorum.,rejection
Åu an iÃ§in mÃ¼mkÃ¼n deÄŸil!!  sevgili dostum,rejection
Ne olacaÄŸÄ±nÄ± bilmiyorum ğŸ™,anxiety
Kimse beni anlamÄ±yor!!  lÃ¼tfen,loneliness
Kendimi gÃ¼Ã§lÃ¼ hissediyorum lÃ¼tfen,motivation
Merhaba nasÄ±lsÄ±n dostum!,greeting
Selam ğŸ™‚,greeting
Ä°Ã§imde bÃ¼yÃ¼k bir boÅŸluk var lÃ¼tfen ...,loneliness
"Kendine iyi bak, bay bay.  :)",farewell
BugÃ¼n baÅŸlamak iÃ§in gÃ¼zel bir gÃ¼n. ...,motivation
KaygÄ±lÄ±yÄ±m.,anxiety
Ä°yi akÅŸamlar efendim!,greeting
KeÅŸke bir arkadaÅŸÄ±m olsaydÄ± :),loneliness
HoÅŸÃ§akalÄ±n. Allah'a emanet.,farewell
Sadece biri beni dinlese yeter...  sevgili dostum,loneliness
GÃ¼le gÃ¼le. GÃ¶rÃ¼ÅŸÃ¼rÃ¼z.,farewell
Sesimi duyan yok sevgili dostum,loneliness
GÃ¼le gÃ¼le. Allah'a emanet.,farewell
DesteÄŸin iÃ§in teÅŸekkÃ¼rler.,gratitude
"Merhaba nasÄ±lsÄ±n, nasÄ±lsÄ±n?",greeting
YalnÄ±zlÄ±k iÃ§imi kemiriyor lÃ¼tfen !!,loneliness
BaÅŸarabilirim ğŸ™,motivation
